date,[btc] TBTC,[btc] WBTC,[btc] renBTC,[btc] SBTC,[stablecoin] DAI,[stablecoin] USDC,[stablecoin] USDT,[veth2] WETH,[veth2] vETH2,[aleth] WETH,[aleth] alETH,[aleth] sETH,[d4] alUSD,[d4] FEI,[d4] FRAX,[d4] LUSD,[stablecoin_v2] DAI,[stablecoin_v2] USDC,[stablecoin_v2] USDT
2022-02-21T00:00:00+00:00,0,0,11520.7781539479,0,0,0,0,0,0,1457659.190931192,0,0,0,868240.9716151651627090,72095.824345825777,934716.266523720486,0,0,227163.7910280000000000
2022-02-20T00:00:00+00:00,0,0,0,0,0,0,0,0,0,994.2490247994189,0,0,0,0,643.1801792778960477,405528.708385016126,0,0,0
2022-02-19T00:00:00+00:00,0,2690.8743884008,0,0,0,0,0,0,0,6934.4393131169,0,1044060.9964808415,0,0,621217.341755285311,0,0,0,0
2022-02-18T00:00:00+00:00,0,0,0,0,0,0,0,0,0,20893.528520714386,0,0,453350.907702913634,2983239.754458577655,424077.328129644400,0,0,0,0
2022-02-17T00:00:00+00:00,0,0,0,0,0,0,0,0,0,13710.455251200901,939053.6832396587,0,0,1003.0698247782959013,0,2348279.580544441913,0,0,0
2022-02-16T00:00:00+00:00,0,44495.7353124986,0,0,0,0,0,0,0,738478.6945943933,0,0,0,34957.1445666740164122,895596.813776276169,0,0,0,245.3822830000000000
2022-02-15T00:00:00+00:00,0,10386.2619195804,0,63930.16600228321,0,0,0,0,0,420631.11274772615,0,9148.19714078495,0,1406046.994201566684,1058585.191187048845,112295.377720892651,0,232865.953635000000,0
2022-02-14T00:00:00+00:00,0,6282.091928193499,0,0,0,0,0,0,0,9489649.525267811,10505020.269914906,2493073.022539909,0,2135156.8119401683887514,0,822533.497175186661,0,0,1.4987050000000000
2022-02-13T00:00:00+00:00,0,0,0,0,0,0,0,0,0,4488.613376302788,0,145.47026145610565,0,73183.194906159711,0,307859.4892119471027510,0,0,0
2022-02-12T00:00:00+00:00,0,0,0,0,0,0,0,0,0,2917512.898695888,0,490945.57686642744,0,0,4660.6227542030324505,349147.969730981775,0,0,0
2022-02-11T00:00:00+00:00,0,0,6116.23268826,0,0,0,0,0,0,3152323.1841376526,0,2529264.562786844,0,0,13399.955063765305,93736.811407969385,19.9934817170474493,0,0
2022-02-10T00:00:00+00:00,20191.99485475832,0,0,0,0,0,3317.7058990000000000,0,0,707953.6397348068,0,2001987.5149148838,0,511461.9357495738493626,749269.026281329132,7656.8064063570387171,0,0,0
2022-02-09T00:00:00+00:00,0,0,0,0,0,0,562.9224340000000000,0,0,658718.4843084611,0,1560.3495875154294,0,29869.132262017778,698031.928787183290,318702.023051265887,0,0,0
2022-02-08T00:00:00+00:00,0,56812.937783721005,30976.6404434706,0,0,0,0,0,0,2499928.9236991396,0,0,0,1869285.5826337165653403,0,619958.689745360115,0,0,0
2022-02-07T00:00:00+00:00,0,42691.573238424004,34605.7525671105,0,0,0,10.9817080000000000,0,0,8401.928768608568,0,1117881.6523076352,0,242191.816685213851,0,957188.503958990432,0,0,0
2022-02-06T00:00:00+00:00,0,0,0,0,0,0,0,0,0,641133.9994181242,0,0,0,576275.389275013846,0,304811.256585894151,0,0,0
2022-02-05T00:00:00+00:00,35931.98386188869,8380.477821691598,9350.8090051744,0,0,0,0,0,0,38872.682693662086,0,2560388.7922434085,0,1408296.974795014232,186338.268990804084,1109524.905395315236,0,0,411389.953211000000
2022-02-04T00:00:00+00:00,0,8687.4740031119,55724.6585851129,0,0,0,0,0,0,1364445.0814611618,0,0,0,712090.7224949470097992,405369.740420009069,340162.4948350771499321,0,0,0
2022-02-03T00:00:00+00:00,0,40621.31631563859,4252.7108145014,0,0,0,0,0,0,337080.31141719257,25801.6339467739,0,0,741542.687617953229,0,0,0,0,0
2022-02-02T00:00:00+00:00,0,0,5786.824091712,2363.246296525152,0,0,0,0,0,684258.1243601437,0,835899.6072742462,0,101071.483754228720,0,1224521.987740456494,0,0,0
2022-02-01T00:00:00+00:00,0,4976.9119877759995,22211.130772387998,0,0,0,0,0,0,131076.89905005269,0,5700916.698466335,607576.825940475784,24103.735287708845,0,495515.645358645005,0,0,0
2022-01-31T00:00:00+00:00,0,0,0,0,0,2679.5129880000000000,0,0,0,3359379.464723278,0,1220188.7213525735,0,576387.255032716494,307543.405664898417,478851.956296581523,0,0,0
2022-01-30T00:00:00+00:00,0,19006.075393879702,0,0,0,310.5551040000000000,0,0,0,1119.1387604548574,0,1119312.9324089407,0,0,17820.613071943066,0,0,490.0774390000000000,0
2022-01-29T00:00:00+00:00,0,0,0,89679.13053764236,0,0,0,0,0,1735763.7307669458,2518.970615999797,3254425.5785737867,0,602265.8583406530484593,118888.726447561836,573203.570630666051,0,0,0
2022-01-28T00:00:00+00:00,0,11716.802841123601,0,0,0,0,0,0,0,2533179.3205401828,823223.6478922705,0,0,3409477.6935814030689272,1919006.987472727231,1991556.714883552314,499385.318998294590,1196568.011501000000,0
2022-01-27T00:00:00+00:00,0,0,29905.884566925,0,0,0,1509.3532240000000000,0,0,439829.64336941415,974460.5079713715,0,642497.730320754656,5442889.625577631871,782175.023055541344,8288396.718629160261,174574.081847563312,757524.224374000000,0
2022-01-26T00:00:00+00:00,17907.3766617425,140004.438808836,91914.31182092601,0,0,0,0,0,0,1248897.7669992168,0,4431744.990579223,1059518.406949312238,1716982.9961365886702353,71471.686822583404,1417279.028281980214,186502.551762406332,0,0
2022-01-25T00:00:00+00:00,0,0,0,0,0,0,0,0,0,63151.98238705028,12215.724978477552,347522.8116989894,0,2086286.8673747472412598,755368.455401759716,2607721.747526140601,0,0,0
2022-01-24T00:00:00+00:00,0,81877.3509719728,50638.749329648206,0,18668.3914756684397928,822.2896670000000000,15249.588831000000,0,0,397864.66430865997,3046286.499714187,2007827.432906574,0,6972158.8829815938583707,760113.2773895340396155,5483390.3504406454171244,199.8412838906263368,58388.879296000000,0
2022-01-23T00:00:00+00:00,0,8755.7099112728,21647.528397165996,0,0,2202.4069920000000000,0,0,0,111290.44437343327,0,4608.152459370359,499528.455260338162,1858216.599547118796,779107.433753532879,1161965.9450354133976755,0,6863.4102270000000000,0
2022-01-22T00:00:00+00:00,0,80508.7006460757,0,0,22957.1689702690561552,20171.3798990000000000,14044.0403190000000000,0,0,173532.41819535583,623535.1880593428,802303.1918647874,2940861.291193435231,5684199.775536533516,6485354.7135615711013318,10214525.0719902313849149,0,131604.192185000000,2398.8755540000000000
2022-01-21T00:00:00+00:00,0,0,72838.7367604848,0,9997.1285725012984269,0,15679.5443010000000000,0,0,132001.517242803,900826.7034848128,0,2305698.2049841324291897,15639237.632336350868,14065553.2307786446015570,20110671.2706102143889947,18880.666985391622,0,1416142.525991000000
2022-01-20T00:00:00+00:00,0,41740.652821905795,0,0,0,5999.0439250000000000,0,0,0,3457058.7231117743,2052720.3391938957,0,0,1932820.9092568786753394,1104235.617130644201,0,0,0,0
2022-01-19T00:00:00+00:00,0,0,50945.01955159749,2670.3775582917106,8819.6573840323749940,0,8208.1275820000000000,0,0,30262.746715898225,887543.0817828136,0,0,168058.6559483871124354,30481.207484620929,649415.069577849727,9.9944842280498786,34440.9618480000000000,0
2022-01-18T00:00:00+00:00,0,4415.7800965199995,0,0,0,0,292.1888530000000000,0,0,220260.22854811585,0,0,0,71903.3508551054184911,1444961.544454992220,470830.9096642718054650,0,0,0
2022-01-17T00:00:00+00:00,0,0,0,0,5498.8937131242392805,14998.452344000000,12898.1175140000000000,0,0,59412.21557967663,805277.4845322773,0,67179.992383755240,139615.0107359628722254,1547169.537320257605,983355.9446720619244629,0,17035.704867000000,0
2022-01-16T00:00:00+00:00,0,70918.6773598456,36599.574184766396,0,0,0,5552.9498870000000000,0,0,0,0,0,0,411296.2197513351841330,0,0,99.9544244939569773,0,0
2022-01-15T00:00:00+00:00,0,99283.91283037199,106225.34344823401,0,0,0,0,0,0,25106.69823689176,0,0,906270.305762056771,778972.2494040352628270,1384952.768313072644,0,45929.032300199725,0,0
2022-01-14T00:00:00+00:00,0,0,0,0,0,0,0,0,0,55017.32193423817,0,0,2056753.757532522975,75125.7800586945859582,199796.364448415741,107277.855230666277,0,0,254754.627728000000
2022-01-13T00:00:00+00:00,0,8304.5824530396,0,0,0,0,0,0,0,46311.01473821656,827863.7023494982,0,0,693589.5868533478598009,0,428663.1067430834725923,0,0,552457.900902000000
2022-01-12T00:00:00+00:00,0,0,37050.6769094553,0,18044.1158533134110394,14427.8626310000000000,19945.679843000000,0,0,3165948.248936003,0,869336.0683123673,0,948217.821327354910,50598.972039475959,92880.2429839471934054,0,0,0
2022-01-11T00:00:00+00:00,0,26265.3173100552,0,0,3311.2269823804085598,0,2248.9891740000000000,0,0,20261.977808145813,0,0,1324240.402919239721,518383.1334591467136248,2862984.316926446401,777377.132847512527,107648.200490346927,1024473.008400000000,0
2022-01-10T00:00:00+00:00,0,0,0,0,2997.8514971428638377,0,0,0,0,18049.461658117638,0,0,0,3866258.916450091420,2797982.8477510542056988,665339.400277854559,736222.1524844282901619,16846.3420060000000000,250581.389384000000
2022-01-09T00:00:00+00:00,57369.29480793758,0,0,0,2790.9544922916709253,0,9895.9369430000000000,0,0,0,0,0,0,102812.7793043319589705,0,80819.0378998958201721,0,0,0
2022-01-08T00:00:00+00:00,0,0,12847.4564651875,0,15560.3458513689415285,3630.0178220000000000,8664.6343260000000000,0,0,886284.1201608907,4722.135487721136,0,0,558417.522151967778,975386.960072863573,106850.138975998419,0,0,0
2022-01-07T00:00:00+00:00,0,0,0,0,0,0,0,0,0,21430.8844222527,0,0,1025962.774925642442,100241.545936784792,1405542.080488076561,92170.483806538280,0,0,503129.256110000000
2022-01-06T00:00:00+00:00,3524.1925915184274,18746.556723207,0,0,0,0,0,0,0,206612.39147631198,2742743.756167915,56637.3632049532,0,1518098.6522867059665929,51644.459595674700,1030491.1874876989938455,0,39.9533420000000000,209203.440283000000
2022-01-05T00:00:00+00:00,0,207009.0856774298,143133.373203497,0,5941.8184211998737037,0,0,0,0,10427.468380867856,0,0,1489334.330657661132,2886129.241577769426,2211301.254735431200,60441.987273111066,0,1110944.369162000000,3427.6010800000000000
2022-01-04T00:00:00+00:00,0,50377.866403747495,0,0,0,0,1228.1888500000000000,0,0,1307333.5743867408,1904429.4013394685,476207.73719407746,0,100020.7916067612573698,14935.204729376660,75254.969991454600,0,0,0
2022-01-03T00:00:00+00:00,0,23395.621553432804,132954.3714297008,0,0,0,0,0,0,121557.10727833203,0,0,0,0,641098.402868618734,403890.281174119821,4093.9817241038124789,0,0
2022-01-02T00:00:00+00:00,0,17765.0366790361,52934.199306667695,0,2749.6015590786598295,0,0,0,0,42358.174255444006,0,0,0,0,112559.985041135215,526720.408426143902,0,0,0
2022-01-01T00:00:00+00:00,0,32815.408445633,0,0,4834.4237182042061521,0,0,0,0,26161.151942494147,13320.40311939587,0,0,0,139637.5951311145112056,85020.315421137109,0,0,340765.224382000000
2021-12-31T00:00:00+00:00,0,53977.4843219474,51142.9821935116,0,0,7281.8218310000000000,4565.0478170000000000,0,0,34852.67055952813,1859.466730072368,1857.4561890731675,0,243089.448167453152,311449.638361343277,0,0,0,0
2021-12-30T00:00:00+00:00,0,25984.0239868881,55713.9141481951,0,15148.589431504479,5169.4787160000000000,7484.0284160000000000,0,0,111035.35851913005,0,0,0,2570660.030060960447,230508.312126130616,0,831.4090413079504817,0,0
2021-12-29T00:00:00+00:00,0,0,0,0,8406.6187062944292792,19417.057623000000,0,0,0,28498.998790655613,0,0,1051983.110563082995,0,851781.313684736516,48551.491803595153,0,0,0
2021-12-28T00:00:00+00:00,0,0,0,0,0,0,0,0,0,2524.1051031738803,1476663.1849041083,0,659671.558765983375,3466955.695351160297,456630.202590427449,970397.818879718440,0,49.9749280000000000,0
2021-12-27T00:00:00+00:00,0,0,135583.9021647396,0,0,0,0,0,0,14321.352424350818,183.58290469994535,0,0,1530023.645954807788,94761.629687963628,501662.430539128505,0,0,84.5479350000000000
2021-12-26T00:00:00+00:00,0,0,16114.5625199328,0,0,0,0,0,0,3064.6427971593253,574.9645423119349,0,0,0,41511.316517688964,377675.075294919266,999.5988676622813306,186.7033850000000000,186.5994390000000000
2021-12-25T00:00:00+00:00,0,0,0,0,0,0,0,0,0,541200.9875757761,0,0,0,0,1948826.198774019898,1568272.335796289502,0,0,0
2021-12-24T00:00:00+00:00,0,0,0,0,0,0,0,0,0,353590.90895035194,205.73938985835053,2053.8300454670175,0,1522936.124589896140,400563.517658095498,1965118.081932552872,0,0,374760.154551000000
2021-12-23T00:00:00+00:00,0,2227.4194881149997,0,0,0,0,0,0,0,89525.73998751826,91725.9266900753,0,0,468916.689867548033,2727127.209817735862,0,0,0,335996.668089000000
2021-12-22T00:00:00+00:00,0,0,0,0,0,0,0,0,0,9561.731899548446,0,1206.3167087663312,0,0,284360.3238608401773974,394781.921198917034,24836.030116940404,0,0
2021-12-21T00:00:00+00:00,0,0,0,0,0,0,0,0,0,31673.45469042943,0,4912.8214949070525,0,0,154250.8218737084249449,501872.609167385408,0,0,0
2021-12-20T00:00:00+00:00,0,0,0,0,0,0,0,0,0,0,0,0,263280.523198339898,1280812.423167713699,1571893.249675022441,100902.506898141661,0,0,0
2021-12-19T00:00:00+00:00,0,0,0,0,0,0,0,0,0,79492.87684761138,213842.15107684434,0,549514.670113070326,0,596985.351506344425,582332.121082229886,2092.6189560329430537,167.8994930000000000,608.4840620000000000
2021-12-18T00:00:00+00:00,161354.50222688663,165762.5952270013,0,0,0,0,0,0,0,35989.78259485938,0,0,11132.611009616174,2340000.219100499532,12287.318620079114,61609.305025238302,0,0,1474.3105970000000000
2021-12-17T00:00:00+00:00,0,94977.56702564479,0,0,0,0,0,0,0,9912.532049277912,0,0,1743523.162004062653,3706975.936184420245,2730476.3401275552934603,169535.271233519675,0,659.9839450000000000,7.7685400000000000
2021-12-16T00:00:00+00:00,0,0,0,0,0,0,0,0,0,39665.84030373216,0,0,3826.2542519719233998,824790.916621280861,376608.791134771224,1429652.437354942712,0,0.99953200000000000000,0
2021-12-15T00:00:00+00:00,0,17381.24718682,0,204610.38059681153,0,0,0,0,0,24516.746856521582,0,0,1158538.194880147017,2793305.8534664779090265,1463830.626638182960,1650615.6869031435205442,139.5077045850459756,6449.0279000000000000,480115.477237000000
2021-12-14T00:00:00+00:00,0,0,0,166289.83482405098,0,0,0,0,0,82750.07534857419,0,1009555.3353238598,13771.2305594280168400,1711285.502239518857,195265.040951064654,323614.950159240505,1010.3705105496046905,0,0
2021-12-13T00:00:00+00:00,0,65151.406940397006,0,0,0,0,0,0,0,185.52889956922039,0,753594.9894506534,548817.3539595373842861,127812.7195821458573948,334635.411724645124,1246198.514098969019,0,21.0004190000000000,9.9918630000000000
2021-12-12T00:00:00+00:00,0,0,0,0,0,0,0,0,0,1198782.2691612202,0,8518.266022535165,328556.120735050335,918323.597163817377,1284333.245179669962,1168902.1611203207509772,14.9897495357081800,1148.3429370000000000,94.5686190000000000
2021-12-11T00:00:00+00:00,0,2508.6620093864,0,0,0,0,0,0,0,7763.683890274624,0,0,0,1034279.202602698100,298793.567790914066,435488.243402975684,1.9986320366538409,2800.0057030000000000,1.9983960000000000
2021-12-10T00:00:00+00:00,0,0,0,0,0,0,0,0,0,97844.02370402895,7955.146058465919,0,531435.093830741694,852060.278133554921,565881.162782407820,957897.767276824410,2501.2355496513346454,0,3434.7545890000000000
2021-12-09T00:00:00+00:00,0,0,0,0,0,0,0,0,0,4814.101292861498,0,0,754755.720283681883,721839.8707687618099335,1015902.790068028302,353073.811435557376,0,422252.329146000000,0
2021-12-08T00:00:00+00:00,100178.80795920978,0,0,0,0,0,0,0,0,144413.6472768977,2135.376971272075,0,0,738241.3821930172411755,264365.4936297948288660,541650.186083786321,20.9823446645780566,1273.9854380000000000,217.2052730000000000
2021-12-07T00:00:00+00:00,248921.2711668972,122912.13815505819,253167.870378022,0,0,0,0,0,0,18898.461607904053,261021.21744357623,0,21074.9499723296905108,505133.789492903104,0,550515.527354809161,109.9418781071118862,0,1098.7842680000000000
2021-12-06T00:00:00+00:00,0,0,24870.349126473397,0,0,0,0,0,0,149408.8832298431,0,0,2954809.5188121561035458,3785282.781153650951,593256.9928927260912602,195152.814792892310,0,512235.634330000000,509.5022370000000000
2021-12-05T00:00:00+00:00,0,2830.8842799952,0,0,0,0,0,0,0,614873.7540160988,4122.440314086847,0,1970669.622316459437,987359.265997088882,2461014.830141558463,4272898.562437363643,0,269.0168930000000000,268620.871644000000
2021-12-04T00:00:00+00:00,2690.428626291062,0,80735.2609691649,0,0,0,0,0,0,915806.7794993408,0,0,0,2064990.0874532778088951,1961904.0646269928228682,688214.314573960096,0,502029.0095020000000000,199.8418240000000000
2021-12-03T00:00:00+00:00,0,4301.769017006301,0,0,0,0,4997.0618890000000000,0,0,1151579.3210792234,0,0,2138001.0629975309414765,2077268.106719606846,1046930.383196308051,1146969.803648996139,1019.6527815353496776,0,73755.879813000000
2021-12-02T00:00:00+00:00,352.44505066049584,0,0,0,0,0,0,0,0,6762.864010252428,4581.571616018356,0,237786.1353880403773853,199049.1686497014884186,648884.8161803865714870,299107.634454149948,0,2846.7090950000000000,2848.5837040000000000
2021-12-01T00:00:00+00:00,0,0,0,0,0,0,0,0,0,4106156.666661247,4577824.520225189,0,5748.6047911338612131,82253.626298586820,112448.692998526749,0,0,100011.959501000000,1218.9335170000000000
2021-11-30T00:00:00+00:00,0,0,0,0,0,0,0,0,0,0,0,398.89290951409237,0,0,523231.293885180954,984905.021265169363,0,0,0
2021-11-29T00:00:00+00:00,285121.85481927055,295909.6231021154,0,0,0,0,0,0,0,1713124.9264846458,0,0,5323.4511951870337338,2207804.506551108629,701517.3193129894030022,18876.688387942430,0,0,0
2021-11-28T00:00:00+00:00,275378.5948530898,54505.1565221951,276203.88056878274,0,0,0,0,0,0,52331.47885999942,0,0,0,1733170.517563233326,1817405.7231708820506773,208049.308776140005,0,1710.1685090000000000,400.3701010000000000
2021-11-27T00:00:00+00:00,476503.03225280414,0,271405.3364914788,271569.74857210193,0,0,0,0,0,26473.087959792854,10082.455537055355,40.33513936477657,0,572650.580090881887,0,1741183.301769281250,5.0000563260049982,0,0
2021-11-26T00:00:00+00:00,0,0,0,0,0,0,0,0,0,137633.8199232365,0,0,0,4068471.6345066616996695,2387625.035441594959,1865490.058180818181,0,234.3350320000000000,234.3601370000000000
2021-11-25T00:00:00+00:00,197810.6241054799,252746.15622047998,287781.3093902496,0,0,0,0,0,0,32264.701945108965,18831.87131150555,0,0,95074.4637171101853267,0,907492.099042535266,0,1567.6117800000000000,0
2021-11-24T00:00:00+00:00,0,0,57998.57361056781,0,0,0,0,0,0,0,0,87.22199291302815,0,205639.976562307719,437967.731245305932,1122385.963388577681,0,34831.780782000000,9.9905290000000000
2021-11-23T00:00:00+00:00,0,5522.7541365732,0,0,0,0,0,0,0,314338.92056153563,0,0,350376.665922485917,2852308.4215978225485166,0,5221139.990352856580,18.3977878223970509,4063.6258290000000000,0
2021-11-22T00:00:00+00:00,0,0,0,0,0,0,2091.7788240000000000,0,0,40295.68143043346,38806.294848914906,0,0,4565224.6018262481351066,3139102.589768000731,2401566.358461836214,0,0,563062.064149000000
2021-11-21T00:00:00+00:00,0,0,0,0,0,0,0,0,0,1019356.0890011175,0,0,0,1113590.639180239068,0,1642270.743694820302,13.7965863464466813,435.7691610000000000,10544.612274000000
2021-11-20T00:00:00+00:00,0,0,0,0,0,0,3745.4105870000000000,0,0,514952.8613259182,12901.778239724097,14870.405029822112,0,0,0,596810.209141937027,0,2777.1206090000000000,542387.524481000000
2021-11-19T00:00:00+00:00,4211.025425552493,0,0,271704.9488009142,0,0,0,0,0,73538.55188312987,0,0,5200.3718850105443523,1179237.043095062957,3398.2940594230464507,1038783.697771660418,1009.5257304646153532,352631.4983770000000000,512646.7797020000000000
2021-11-18T00:00:00+00:00,5080.95167701886,20853.374714509,0,0,0,0,0,0,0,31543.071736296763,14988.017296683065,0,0,308998.264445730546,879974.5355019056291062,200130.074281907881,99.8642104213589638,829971.6184120000000000,923986.0312510000000000
2021-11-17T00:00:00+00:00,367.3197105354998,13667.513374873,0,107615.59969759829,4620.0351863915363249,0,0,0,0,1142164.946849545,537212.8829748244,80.09667227433842,0,1481300.3455258276107892,691182.2961455498704873,1067303.926017022634,18.9837832134258522,183292.1381810000000000,393393.8745240000000000
2021-11-16T00:00:00+00:00,434.9166432746182,0,0,307250.83024383883,0,0,0,0,0,118677.489569829,202.74537004371211,7254.8535337314715,0,1193037.393650511707,1040968.1720184281549736,975338.5890087967581689,153085.46154898197599108600,184725.7273180000000000,13056.461254000000000000000000
2021-11-15T00:00:00+00:00,0,0,0,0,0,0,0,0,0,29383.23021529768,1188.891918511354,810.6250113114096,0,498643.524665702418,0,1117442.720771910859,37948.6998021629214044,40089.8112800000000000,8902.1316550000000000
2021-11-14T00:00:00+00:00,0,0,0,0,0,0,0,0,0,37048.52636604866,3082.141718317647,5757.714486690271,0,856164.3561389637142095,1256635.764095673648,1488356.5145235189738109,351341.62103713622062841300,353228.1189760000000000,41773.9136290000000000
2021-11-13T00:00:00+00:00,0,0,0,0,0,0,0,0,0,59334.775521896605,12043.767021676427,53077.82850393177,0,8486.4612447161398322,289257.3177876844519243,0,84210.04551639883391033100,80935.9504920000000000,18047.9169780000000000
2021-11-12T00:00:00+00:00,0,0,0,0,0,0,0,0,0,17680.331652525896,235.91077384671658,12083.60631021243,0,85475.215525802953,475511.257484444968,1717467.997697697143,47433.4167198354570792,93212.3758590000000000,74435.9993850000000000
2021-11-11T00:00:00+00:00,10028.398083491667,0,105743.6840149906,0,0,0,0,0,0,11550.803054563032,4623.817253682972,735.1147257495909,0,1023005.461507621116,734493.1477249621788526,0,79291.1141442712006885,88816.5982010000000000,5047.0462870000000000
2021-11-10T00:00:00+00:00,420624.670843363,0,367823.0800246086,0,0,0,0,0,0,236880.58820939288,118.44937588223397,28.893556865652716,710283.885112874646,795632.601452164121,1633367.0800048707246769,1573912.841112612342,13386.1841563842623749,28861.0413640000000000,51607.5534050000000000
2021-11-09T00:00:00+00:00,0,0,0,0,0,0,0,0,0,4479.554115697051,48.16699269382124,25.039772385197757,0,1249420.866770462295,443314.984064535771,0,249.9693463256732139,21186.4518770000000000,28409.4967030000000000
2021-11-08T00:00:00+00:00,0,0,0,0,0,0,0,0,0,85344.46008157847,0,1387.4005573855586,5842.5892957139494518,0,0,2604470.211977893092,83287.6326439007928660,52029.0992220000000000,50783.4576210000000000
2021-11-07T00:00:00+00:00,0,0,0,0,0,0,0,0,0,222226.7926469612,4634.440429037866,23351.067440387033,399456.776959489967,1096993.872861304851,1940936.078885909329,1174908.157195203292,32439.59127861943638134400,26890.2285570000000000,12540.4307930000000000
2021-11-06T00:00:00+00:00,0,95022.59012815659,0,0,0,0,701.2680590000000000,0,0,37155.09861286575,0,9592.271062276395,171.9040983799742137,901884.370446943943,1189528.156761213769,1436508.333229962099,21139.6419964687810071,27212.21919900000000000000,4681.8457870000000000
2021-11-05T00:00:00+00:00,506142.2349519178,489716.729076684,394450.50400207203,423.1081481583454,0,0,0,0,0,6854.16683962508,0,11873.640022694357,13018.455347794664,942223.474356676703,705380.408780983859,354702.429368502355,84604.5362591520821120,43538.0701970000000000,1125.4879550000000000
2021-11-04T00:00:00+00:00,0,0,0,0,0,0,9994.7808020000000000,0,0,84395.38677634418,0,45.96966283576945,9982.0988805034755879,0,213588.1332905566833890,969102.166385740988,55372.6489086641823939,36601.5661170000000000,0
2021-11-03T00:00:00+00:00,0,0,0,0,0,0,3162.2973000000000000,0,0,42948.9180820557,916.2181914455552,458.60548942274534,98.8724564516332327,0,0,971400.202975904935,18782.3981826148004773,92608.9757220000000000,512095.745917000000
2021-11-02T00:00:00+00:00,75242.7269002598,0,0,0,0,0,0,0,0,67034.44492397389,0,43.33232089275331,979437.246626478829,1646457.824725782364,844141.9036431284306686,2242737.862484510962,121311.839078228457,0,0
2021-11-01T00:00:00+00:00,0,0,0,0,0,0,0,0,0,38089.379915503356,0,10729.395729495045,6660.8870423791031167,242732.272128876941,0,1426417.896541214115,47877.3214903863382185,241206.1559700000000000,12394.6136690000000000
2021-10-31T00:00:00+00:00,0,16384.7422299634,0,0,0,0,5387.3675860000000000,0,0,21229.848247540198,0,86.5996483304207,0,1965046.172731154817,948154.362717802077,4956625.9612372775648175,106782.4436046713173479,392461.4187190000000000,512057.3951640000000000
2021-10-30T00:00:00+00:00,0,0,0,0,0,0,0,0,0,11941.523322310832,4425.805412916473,0,2339980.516066602502,2621213.321172804443,3283330.988682725784,134432.012872097179,1822.0737274888961570,5005.3192030000000000,12903.6162420000000000
2021-10-29T00:00:00+00:00,136775.24773552414,0,517661.304150368,0,0,0,0,0,0,749.9750281755565,0,428.6069575848331,0,1050903.572010916906,0,0,0,6214.7185450000000000,0
2021-10-28T00:00:00+00:00,0,0,0,0,0,0,0,0,0,14755.31497913064,0,5703.686781539167,1025904.303627948642,1882741.744663292248,0,1374673.303586269054,999.7545790395193857,9600.4866760000000000,12434.0675400000000000
2021-10-27T00:00:00+00:00,89930.00251158535,0,0,0,0,0,0,0,0,0,0,0,0,0,297157.145210685235,297010.707560219322,100.0019843635887645,4697.5692470000000000,128962.2411380000000000
2021-10-26T00:00:00+00:00,62701.10837801709,0,0,0,0,0,0,0,0,124963.72629939072,21034.540471445045,0,224032.1074767174571754,747657.637929521928,204220.034051334662,0,15.0029964907896450,1674.9813270000000000,1676.8076840000000000
2021-10-25T00:00:00+00:00,127444.32245796308,0,1311760.287006039,819755.1689177083,0,0,0,0,0,57807.95142344473,0,0,4666.7623932974947186,0,0,942418.3132863627773241,816.9980372309832363,1768.7461640000000000,101.0075420000000000
2021-10-24T00:00:00+00:00,122362.17151627224,11981.2901463345,0,0,0,0,0,0,0,96858.72949984322,170842.58745529628,1591.44252528358,513988.5218340845001534,350338.307177827417,227240.960046788505,337705.503375500964,60486.2447103422855481,75718.5634440000000000,153757.5695780000000000
2021-10-23T00:00:00+00:00,70104.54187125363,397.5829238295,0,303398.9244398266,0,0,0,0,0,545595.2371141193,985.0364536470811,369.3653012239606,0,563729.079363111001,0,540315.920528048165,129386.13607051949204322500,71949.37264000000000000000,27788.4300950000000000
2021-10-22T00:00:00+00:00,0,76013.7563700124,0,0,0,0,0,0,0,315465.8370248703,49836.09439592041,17794.423345259675,0,648068.411109895803,442741.475012149060,0,289253.74135864050550158900,98331.6444960000000000,60375.5474130000000000
2021-10-21T00:00:00+00:00,11374.50810519788,0,0,0,0,0,0,0,0,163864.74605787254,0,0,0,385208.1296584078143477,403825.253002888426,771557.304469693535,9261.3804487535372925,668248.6744980000000000,631588.1687420000000000
2021-10-20T00:00:00+00:00,183013.01746193235,0,0,0,0,0,5661.5397580000000000,0,0,11354.860696004129,0,0,0,0,4106.4843766765300563,216028.143780656393,1129.4581346532794467,483761.8694100000000000,253854.2621350000000000
2021-10-19T00:00:00+00:00,647.6794560339355,9952.824275197,0,0,0,0,379.8312130000000000,0,0,724532.0151699063,0.01869744007196151,7522.31090619447,2617.0226193299325557,144872.5584270976190122,0,79993.056042203338,3278.0865855622898183,46889.6540380000000000,224461.4074880000000000
2021-10-18T00:00:00+00:00,9110.170161498969,18008.839387430402,384898.9982365536,0,0,1858.9691940000000000,4402.9245370000000000,0,0,612755.4862240033,1083.8172600652745,1459.4932378680176,425770.242587755222,545814.755931879901,2574.3500630531928731,300938.415368954747,4188.1175162836389158,52523.5946030000000000,44625.48456300000000000000
2021-10-17T00:00:00+00:00,140363.9853108842,16288.515472914998,0,120464.0000709783,0,0,911.5735340000000000,0,0,16249.219204325833,382435.06047431123,5760.033630711459,4857.2875782708989589,559302.7695514432605794,557640.956954016712,361830.562442641497,18074.31911061454779815400,68049.12646400000000000000,65355.4175890000000000
2021-10-16T00:00:00+00:00,168951.72092227312,243161.724137825,0,646513.1407473038,10.1891605141256960,0,2137.3913820000000000,0,0,20327.51400143186,43493.40385430816,580.7362110611867,0,208060.8842625383275075,0,178467.4340993026386098,183439.1858573236398080,76891.83739900000000000000,33676.7050280000000000
2021-10-15T00:00:00+00:00,0,355093.01130271534,444716.067269845,628589.8185129501,0,0,0,0,0,105314.77516092417,3440.7674089720167,0,695149.5481323387349241,895580.5282790833060327,1584020.5696755770709952,2854840.780842971381,234.8128088760123302,31165.6970900000000000,16788.4189720000000000
2021-10-14T00:00:00+00:00,310938.8087293915,0,1484190.760580735,202588.10373825426,0,0,1823.4478560000000000,0,0,44992.156741717794,3901.365705063259,11642.628558563345,758571.722773176784,1009514.023881196398,0,146891.413844440897,6595.7886750543450037,39712.0842390000000000,22563.7751960000000000
2021-10-13T00:00:00+00:00,7878.185271439199,179508.9234611456,395161.2655775368,719355.7219216629,0,0,916.5501700000000000,0,0,170918.04535725623,453.7312920976101,1267.5023479672745,0,370741.778439223873,249562.907755609302,260116.6784024461644890,10912.3428457184155022,104693.4432240000000000,46188.1245870000000000
2021-10-12T00:00:00+00:00,0,7754.689374875401,0,155.83870051543903,0,0,0,0,0,1164589.0815666476,0,3518.8386829348347,0,92335.7384167613081179,0,646605.510385555321,72723.1202298070962497,84394.7849550000000000,13271.0590780000000000
2021-10-11T00:00:00+00:00,428900.99632815504,11334.3893044466,175659.1616686635,350463.07727688807,49553.963210588178,33996.469834000000,0,0,0,3398340.772104777,1926565.5962515012,873666.4659272275,0,4188.9102040476574523,98780.435197771383,98188.400105437258,1843.7285435629050231,85237.682681000000000000000000,47762.7138420000000000
2021-10-10T00:00:00+00:00,93457.816368497,16412.587315306,426086.21560272295,0,0,0,0,0,0,2147145.960555105,614512.8827595265,30386.757173413418,0,572523.5654545523452070,4732.7149595543227983,141066.279257133512,204974.85086022157387981600,110507.51686400000000000000,103422.42997700000000000000
2021-10-09T00:00:00+00:00,0,0,4634.5778516713,417982.6855652899,0,0,0,0,0,45887.96739775041,731597.9252328054,29645.858752970555,72013.0597918588038399,313444.2361471790761542,3744.8799277007764663,755373.0752411363592566,97267.8334776645146296,368478.3803130000000000,67528.34816900000000000000
2021-10-08T00:00:00+00:00,0,1056.0486369235,0,0,0,0,0,0,0,1387967.3806463,2034098.5786368186,3536.985559308327,836749.576983630220,2493703.710338267457,1039060.030144098941,655755.427491079732,10014.2276503364102100,65127.7214340000000000,32673.9980450000000000
2021-10-07T00:00:00+00:00,98161.01926620513,578402.6639504631,1845943.0928127654,10042.355087534748,0,0,0,0,0,1835780.9720557346,3824463.843414862,0,0,0,0,123575.055991829068,356990.7868526558870583,13583.5627820000000000,184512.88654100000000000000
2021-10-06T00:00:00+00:00,22797.811005643012,25518.1833686273,0,0,0,44631.3949190000000000,0,0,0,0,0,1759.655961038456,512602.944827271521,463144.9677308952816211,512977.521597360118,0,803.4563414903474048,3702.2718500000000000,37391.080384000000000000000000
2021-10-05T00:00:00+00:00,98579.27131173921,8917.019919596101,0,0,59924.158473466381,0,0,0,0,12525.911756009978,9408.715185088515,0,81402.8434929700690962,671822.357605908179,0,0,38194.5163939193644673,21903.7809990000000000,20477.63503900000000000000
2021-10-04T00:00:00+00:00,0,7976.782832869801,0,0,0,0,0,0,0,591100.8927254463,0,8115.419463762764,525911.1304974473931157,14974.311405682851,0,56.0651697201195069,47352.63872862055480352200,21076.4949770000000000,73074.9658610000000000
2021-10-03T00:00:00+00:00,0,0,398502.9027127665,9.543131224140298,0,0,0,0,0,292786.2820655274,0,1528.741604787861,309847.776582090521,510683.278675718069,566053.614775550262,0.00018722311910923500,18314.63121813308685978200,173675.12263800000000000000,39316.5185400000000000
2021-10-02T00:00:00+00:00,15194.730469383085,0,340237.3104653358,0,0,0,0,0,0,107517.38256303447,331.7090210856765,11664.133307291799,0,0,0,0,12387.0008272124370057,25870.0032080000000000,127400.1061910000000000
2021-10-01T00:00:00+00:00,0,3310.718834282,0,0,1.2068997029599768,0,0,0,0,87317.22462261774,0,6035.542960544253,0,3397511.986026307158,1538827.469738641965,1130274.953552854877,65535.2615435546063002,40927.9132240000000000,60102.6301750000000000
2021-09-30T00:00:00+00:00,67741.01479691744,266703.011888745,1114221.0452460852,292841.029680112,0,0,0,0,0,11117.62863284763,271.0555646401301,10806.525439319936,375661.867333178037,1452557.929780079056,0,1365047.459557195931,7393.06923377145349712600,267223.3164890000000000,37053.8998380000000000
2021-09-29T00:00:00+00:00,1364.7389200022383,3504.2486190976,567.9224287748001,0,0,0,0,0,0,7388.5717372766985,0,225.17467734813857,538674.281430843063,1215101.715526226656,624308.123248343421,0,13084.0159018809402007,53879.50372600000000000000,417814.5218120000000000
2021-09-28T00:00:00+00:00,0,752497.5671736073,149311.4720035824,0,0,0,0,0,0,17498.26052327091,0,0,0,793961.465189423491,28064.9246274665977047,0,4012.3659340412043297,9187.9344300000000000,14037.5022200000000000
2021-09-27T00:00:00+00:00,7262.37810366935,0,269455.4296055888,473071.98504162935,0,0,0,0,0,12609.154922329864,0,0,0,10030.7313265165865787,728155.874193812991,161824.752624644929,999.68253312189310853500,1116564.5239680000000000,622493.8474750000000000
2021-09-26T00:00:00+00:00,76969.39735267196,5252.7456439824,68624.3710868088,487008.9635649667,0,0,0,0,0,261166.15303736742,251912.37287804158,0,0,1042063.1284422877988526,0,0,991.8233957519269647,323721.8632790000000000,4698.0941740000000000
2021-09-25T00:00:00+00:00,4755.211489438937,37.865376492299994,1000102.4866835667,1914.716007451608,0,0,0,0,0,1411867.5044581266,1346163.4350484877,1340662.275305341,1336855.339153314997,2125324.761239892623,1881999.826672229484,154848.8074918957852077,490853.5614287118499307,6485.5685920000000000,9779.7206140000000000
2021-09-24T00:00:00+00:00,160598.54156306497,12640.197455647898,1084194.4441959062,0,0,0,0,0,0,176208.28510118384,169170.85440591438,2261460.862035406,256504.533561081095,441588.6374515980037562,0,747550.109921066770,0.99951526673036909300,14927.5353640000000000,0
2021-09-23T00:00:00+00:00,6956.082830122046,0,0,0,0,0,0,0,0,908329.0082817107,1012806.724268258,463732.9499265324,0,99880.138830024577,154825.430993473525,37229.873752843158,0,2757.0007370000000000,51.5588440000000000
2021-09-22T00:00:00+00:00,5938.004327503741,0,0,0,0,0,0,0,0,439636.0779218717,339348.2196266663,1066772.4461035943,3357.4108808970239534,1794028.078105831662,256345.555064592089,0,2885.3622949590141374,418.0455840000000000,3673.0303470000000000
2021-09-21T00:00:00+00:00,6539.711208126118,148984.4999400046,68937.88440473909,0,0,0,0,0,0,2623054.3772383826,3524198.298004327,2910173.382950159,1765716.127151058072,2047335.963006124541,848894.429374008991,151588.4411395996110122,318971.3580401030945302,897.1567080000000000,1069.8110450000000000
2021-09-20T00:00:00+00:00,79656.0184322267,8706.859555184,0,943806.4703383684,0,0,0,0,0,927305.9333209594,2819534.164211258,0,904528.273013549944,2546579.700786284300,672450.677791801797,2738200.039146552630,1241.8155588118595218,1025191.50860100000000000000,42.9641720000000000
2021-09-19T00:00:00+00:00,48661.0862538113,19398.1393450816,275443.51443248003,308866.6836829662,0,0,0,0,0,487055.7237995066,1274671.1958718565,3055.422859233739,255994.413755853172,784582.0840529319791522,538591.787092770855,341147.094432519185,2507.3429212706810857,387.2145680000000000,49.9566720000000000
2021-09-18T00:00:00+00:00,0,7608.325191838199,0,6274.608701860803,6491.7095446062492526,0,0,0,0,146395.48687150885,456315.45989358245,0,0,6417.2671214283689173,0,0,749.3285872492962457,11769.41714300000000000000,145.9248060000000000
2021-09-17T00:00:00+00:00,102993.13107232537,120222.16435143359,0,0,0,0,0,0,0,46362.014571398664,0,22945.680374022188,0,0,256318.110764135086,305881.135914819979,3012.8976301174671987,43101.5045480000000000,332.2214690000000000
2021-09-16T00:00:00+00:00,36765.07834687942,0,77468.94151066,0,0,0,0,0,0,82136.2361314672,464835.3502258081,0,256114.118710258099,1238061.570686861344,282102.973935749740,0,5526.6486333905137296,516785.6543170000000000,274.7234010000000000
2021-09-15T00:00:00+00:00,7672.251201960071,943222.1025296759,553569.9758619867,0,0,0,0,0,0,108650.4559452182,685252.4148188996,0,0,281095.410557442157,0,12495.004945868091,0.000083900507279789000000,549.8945880000000000,643.4183730000000000
2021-09-14T00:00:00+00:00,1254788.291744694,915596.8469737772,36161.1313956536,0,0,0,0,0,0,337707.57141084387,769238.7561111156,315815.14180892357,3295.9234063069224248,187212.547789999876,3286.9466230230247638,0,566.1674396766902382,814981.9845370000000000,4414.2050410000000000
2021-09-13T00:00:00+00:00,0,8138.978180384199,0,1.8401952323250264,0,0,0,0,0,114030.50411739227,73683.75307883126,170528.77392756788,0,1055967.726602572689,1050938.5025875898789994,580269.840352713947,4513.96485406982086331400,256247.4429860000000000,1202.4462220000000000
2021-09-12T00:00:00+00:00,91877.21416022482,22991.9401885378,961.5676111106,0,0,0,0,0,0,48463.76840991701,1019932.3109409717,1984372.1252148962,0,828537.2503023064612479,256526.766839446038,0,725621.0577099361054974,1259098.4139480000000000,19344.8939430000000000
2021-09-11T00:00:00+00:00,0,0,1083949.55042233,1030.4975855773844,0,0,0,0,0,1231788.0414874249,322859.7785413691,1265702.0557367387,7556.0699711700122261,8372.1773913108432361,0,0,0,3549.2956070000000000,8672.7265650000000000
2021-09-10T00:00:00+00:00,0,15568.4321491155,205901.00854796302,0,0,0,0,0,0,44679.25985195067,793474.5217917397,0,313792.624632878267,1237824.918697047637,1431142.726565807658,0,0,793.4145930000000000,22.0388160000000000
2021-09-09T00:00:00+00:00,0,649419.840225176,200727.821836946,0,0,0,0,0,0,1303136.4378653583,0,0,128100.206844762475,1668506.387606965732,2009661.884781354895,433018.902661584724,702.9796626103459980,181.3055800000000000,8.4914550000000000
2021-09-08T00:00:00+00:00,8963.64058929178,879371.8461944325,0,0,0,0,20275.235916000000,0,0,145528.59261964224,809253.761563649,0,8936.5971448974992546,1326598.3753166608678299,205409.717344292182,67682.478714789532,1152994.374150760178,42857.723325000000,0
2021-09-07T00:00:00+00:00,106268.86938179139,70765.7725255986,0,0,0,0,13983.8558200000000000,0,0,0,790771.8536399989,0,3458983.5480853364951634,8048882.7657206000161625,4705667.307086433708,2466135.654120443164,0,152444.9369040000000000,1197285.058183000000
2021-09-06T00:00:00+00:00,55208.621579561936,670018.893930921,81017.7379072835,0,0,0,0,0,0,113870.44573856294,466563.12699458696,0,0,99369.267284998013,434390.3358129906196607,389908.283523232007,0,0,0
2021-09-05T00:00:00+00:00,331932.01635666,14807.0312972352,160815.92800854842,0,0,0,0,0,0,969.9067291022197,465129.5260481727,0,0,911815.102663351285,0,0,0,0,1999.7433740000000000
2021-09-04T00:00:00+00:00,0,0,0,0,0,0,0,0,0,645512.4172156688,433872.45013252815,0,0,8548.5956463618863194,0,0,119.9190922293983615,0,240.8352680000000000
2021-09-03T00:00:00+00:00,12037.471386657777,0,0,0,0,0,0,0,0,0,818861.5351076989,0,8757.1249629628794921,1132222.210827121192,0,0,0,0,0
2021-09-02T00:00:00+00:00,151322.18037705956,0,97835.6152957473,0,0,0,0,0,0,1090679.998348489,0,0,0,499664.2869150863778443,0,1734.5572924461101401,0,0,0
2021-09-01T00:00:00+00:00,0,1182196.221288269,0,0,0,0,6082.7643490000000000,0,0,911456.0530435966,0,0,12135.4712401509293504,688831.2123239601519772,0,0,1599.1130683900530588,0,184.9477530000000000
2021-08-31T00:00:00+00:00,26778.41526990197,0,0,0,0,0,0,0,0,9804.410981226769,0,0,6525.3030172493308884,359120.066319236469,1114844.898292279809,0,341.5954955905036617,0,0
2021-08-30T00:00:00+00:00,553961.7443428866,0,2191748.8636772586,0,0,0,0,0,0,0,0,0,0,354804.736459793264,207173.601398426543,357581.632318714301,9.9944841092535164,4997.2689890000000000,0
2021-08-29T00:00:00+00:00,0,0,0,0,0,190728.293382000000,160133.029070000000,0,0,820.289151522588,0,0,209549.073649699011,0,102056.850091900444,1391938.455656216584,0,34.9879780000000000,0
2021-08-28T00:00:00+00:00,0,506.19785153600003,29276.5798931034,0,0,0,0,0,0,8759.605890994553,146.8733204634053,1.3067161898737758,0,305293.075476502382,0,0,0,0,322.5382120000000000
2021-08-27T00:00:00+00:00,0,298190.849996292,0,0,0,0,0,0,0,40114.19409466826,0,3086.35514710581,317742.358414098503,386755.1585380163084912,570147.106923311136,0,539.7747626633007456,20426.7900570000000000,0
2021-08-26T00:00:00+00:00,0,311664.97407249,47258.775639927,0,0,0,0,0,0,4147655.676442845,0,1582709.747620671,97704.979661834506,948084.115829146429,221749.696224419131,43020.880315806795,99.9250205707469151,0,499.7627520000000000
2021-08-25T00:00:00+00:00,39223.28313860719,497259.3707135554,629729.8408173057,0,0,0,0,0,0,28139.05438264146,0,0,0,643837.188453211299,325516.145770554891,0,0,0,0
2021-08-24T00:00:00+00:00,0,318510.22388307,0,0,0,0,0,0,0,27279.575516707493,16.6204961066209,0,1320939.870769003871,804938.719371552022,1321214.006209206677,512114.454512206524,0,18590.7233210000000000,99.9479640000000000
2021-08-23T00:00:00+00:00,17077.880461347817,398257.29625015496,799384.732911006,1036041.3806918507,0,0,0,0,0,3562.7157476576667,299087.0302036201,2093386.744816215,6403.8125342562128634,24895.445134251893,26622.615969690260,121294.243849179296,0,1991.02896900000000000000,34974.3733620000000000
2021-08-22T00:00:00+00:00,0,6963.126650561399,0,0,0,0,0,0,0,59288.81276639976,808712.594893145,0,0,53122.645928649868,3920.4841619431405334,195554.248048519012,37738.0970770335541333,13643.0533440000000000,1489.0484660000000000
2021-08-21T00:00:00+00:00,10029.41985490346,15678.339217976401,0,0,0,0,0,0,0,241024.9275356121,0,0,0,7389.6914019086351264,121460.205544337568,0,34324.9923203585498386,2647.4979090000000000,155434.0006580000000000
2021-08-20T00:00:00+00:00,6661.366508170124,13912.5087478695,24930.796774548,0,0,0,0,0,0,869309.3546763007,210076.1453736131,136624.20750911653,0,417912.258588068249,270555.852525244982,0,36876.0867554420755235,179.2471930000000000,76141.924507000000
2021-08-19T00:00:00+00:00,106799.5573700222,137.8188699186,369113.50339766283,30085.807213776403,30534.5611254485450697,0,0,0,0,781521.0291825859,908532.1685020007,1365.1533003161173,62480.7370327588346681,30040.494890761989,0,0,35307.5610004401007115,10417.9801630000000000,8632.0036020000000000
2021-08-18T00:00:00+00:00,0,6962.5813177218,0,0,999.9673873010928933,0,0,0,0,40660.5053200031,547347.084151603,3731556.3095970987,0,318729.929496674102,250282.013672703665,480787.262403667716,101017.8244295115588649,23680.8834920000000000,4858.60045200000000000000
2021-08-17T00:00:00+00:00,0,8007.368662332599,0,0,0,0,0,0,0,443812.62020476395,0,0,12085.063272762127,4272.9764807722780528,330261.0980220464508973,337493.9558609855541717,43073.3867576993828363,69.4838870000000000,46.3102790000000000
2021-08-16T00:00:00+00:00,0,0,1032.8103155646,0,0,0,53876.358079000000,0,0,4281168.851086409,0,0,0,97492.8028362100968354,83238.9776791784367752,0,12163.3365107352914235,256.96401700000000000000,1146.7766940000000000
2021-08-15T00:00:00+00:00,0,0,0,0,0,0,0,0,0,53932.8813687063,204.2480783415353,209.63772035694015,3062.2750746295048610,0,0,103300.4493746194048053,10296.2383474573016405,1892.9682330000000000,9174.1173570000000000
2021-08-14T00:00:00+00:00,0,0,0,0,0,0,0,0,0,1155729.5452434176,461586.32812657434,0,0,14467.523054757588,0,195207.705912742812,9973.4821483054706892,7818.3248380000000000,0
2021-08-13T00:00:00+00:00,6931.35353700587,0,461983.4342443656,0,0,0,0,0,0,637943.1778907848,0,0,5887.8101503878750929,189599.5066312557635525,0,0,3985.7994896849142628,6272.9473820000000000,0
2021-08-12T00:00:00+00:00,237725.6849306985,0,396058.976503711,0,0,0,0,0,0,479882.73095295485,538618.3864541055,536732.4601974959,432869.101333817206,493440.796245907522,145426.389342540069,1048727.995462750087,9153.4273078461424482,544.9618770000000000,545.5589960000000000
2021-08-11T00:00:00+00:00,18049.78542539206,63.42054256160001,63.4733922544,0,0,0,0,0,0,83619.52549968145,0,625146.8262644205,0,712118.329661965549,1233720.355980526043,330502.654042265222,92.7825758737765752,1001.6945400000000000,1754.1058650000000000
2021-08-10T00:00:00+00:00,7279.778921711861,0,489460.24781799526,0,0,0,0,0,0,2093523.6104449735,548818.2564791981,39229.155103079116,62637.336232881826,836005.945093939776,63386.719158563797,244457.502015801136,100.9144438890047410,99.9918430000000000,113.9400630000000000
2021-08-09T00:00:00+00:00,67832.68026696694,202534.5576397659,0,0,0,0,0,0,0,643984.797264504,42220.76034194891,0,467762.9633215453279226,2576610.006963583340,683132.174828539420,1031567.505607936604,55.1442635082850711,1.9998350000000000,149.9012400000000000
2021-08-08T00:00:00+00:00,0,17326.8707334932,0,0,0,0,22674.2861690000000000,0,0,875384.9922290694,78915.81523664054,0,0,131547.706958041845,344726.7100482931449718,293150.886104255645,93279.8191143198084481,44542.1648300000000000,32942.6842250000000000
2021-08-07T00:00:00+00:00,17018.874443757675,35414.9423236252,0,0,64640.5642025982653952,0,0,0,0,81620.3363962377,144613.835163273,0,247652.445550764540,766682.341279387717,776428.641660360025,2030136.545235517329,1940.7787589828748230,5059.7919990000000000,0
2021-08-06T00:00:00+00:00,0,17095.955791865203,243991.7976369674,0,23369.2446550068636919,0,0,0,0,771721.148034469,1982116.212037878,1054.684396914934,3564.8592688768023393,223991.517316401591,0,0,0,2083.9158270000000000,1128.0351170000000000
2021-08-05T00:00:00+00:00,0,304782.85167923605,101946.41949145481,0,106660.102311074683,0,162740.828395000000,0,0,945407.169368898,463764.87303740054,0,0,0,0,103272.244161964619,1361.0085249405409465,0,0
2021-08-04T00:00:00+00:00,13692.001191386069,436855.62172854,297706.99102298,0,0,44347.693676000000,0,0,0,3796252.224935534,2774501.6584175075,622.5051956287949,0,428525.937120533949,20042.353513986998,279083.516857872173,8319.8880236063197049,1319.8834740000000000,4992.3465170000000000
2021-08-03T00:00:00+00:00,202970.13991489477,14750.197042370399,34608.9252865833,0,0,25277.861531000000,0,0,0,686607.2641433128,0,0,1119.5559175733189140,0,0,1113475.580586828425,0,0,1017.4401080000000000
2021-08-02T00:00:00+00:00,586519.1258755937,164501.0132815108,508485.09982881753,0,0,0,0,0,0,5279989.713544241,128095.9492661429,0,126946.198382866861,0,0,0,0,6816.7577820000000000,7161.5276740000000000
2021-08-01T00:00:00+00:00,673593.3948791309,21435.094925712,864751.0112437365,0,0,0,0,0,0,888527.9056467024,0,1325350.383303013,255704.991513251164,328418.500731710127,292573.780977448098,244598.534298609182,50398.7534638668363433,145.3568670000000000,38703.423761000000
2021-07-31T00:00:00+00:00,150726.8686437427,0,703179.826186299,146360.71831524296,0,0,0,0,0,33664.62976265867,2055.7722994288747,245132.55444175185,166061.4134190369876534,486698.975300344747,177953.350602451579,56261.016068001087,733.9509968250503537,726.2065140000000000,42578.105241000000
2021-07-30T00:00:00+00:00,115238.05260991717,108963.71646998309,126819.7220130867,0,0,0,0,0,0,57128.33207610132,0,980231.6081712409,120672.822840725142,953950.594018715722,731112.502695396254,286095.259769134581,31.9689285236369549,5000.8929940000000000,0
2021-07-29T00:00:00+00:00,1386365.8672849117,0,856086.9540595901,0,0,0,0,0,0,88668.62297386583,0,0,234677.360664659809,932279.833342115443,59727.544793994110,93783.324060323629,5608.8535413964612455,3641.4861000000000000,1323.4426140000000000
2021-07-28T00:00:00+00:00,318272.36756552965,8096.5667939800005,2818.9275189399996,0,0,0,0,0,0,68939.24405474629,460104.7091591794,353944.26027944486,190256.889384733242,452249.819534798173,472416.161605919290,144349.461294596651,71051.0409522398176905,2036.3697480000000000,4766.1337540000000000
2021-07-27T00:00:00+00:00,0,665258.8417899814,482087.4685530615,0,0,0,0,0,0,20544.50320847573,0,0,512224.361650427544,1860846.702440522765,757782.747463210270,303626.118358617965,37851.4184060138016245,18769.6255010000000000,0
2021-07-26T00:00:00+00:00,1089223.8978647927,474842.37319853914,1553984.8846338356,308299.1055629399,0,0,19990.914839000000,0,0,3715712.3946173675,13234.589194627344,6533.279639935589,1092852.4163945967795483,3833017.551067589917,1876616.036377176209,1025507.390068704490,0,5329.3915210000000000,1499.4644760000000000
2021-07-25T00:00:00+00:00,114044.26703211546,3754.1909645658,0,0,0,0,0,0,0,42137.44123817699,0,0,0,0,107601.7131992884826501,0,30964.500699456628,14504.9005270000000000,11357.0497600000000000
2021-07-24T00:00:00+00:00,70837.95831346372,0,184977.64341136083,0,0,0,32002.965959000000,0,0,78932.07075616645,0,536218.0116360736,0,195077.044576621651,298249.580767609475,0,20234.7925809175101105,110029.1040960000000000,30040.5787590000000000
2021-07-23T00:00:00+00:00,177756.83399567287,0,154366.7486781588,29969.699295929448,77254.9672424051149236,0,45251.368326000000,0,0,955659.7602394063,689301.8751782583,0,0,0,552221.231866811251,550068.070901989001,0,24438.5471620000000000,28872.9399260000000000
2021-07-22T00:00:00+00:00,3710.448411338826,413455.7583743936,0,0,0,0,0,0,0,11964.641526181424,38.00239935384131,19220.743938779742,47867.011468181367,832411.118648524002,354014.843841732432,265494.148796490007,1498.351500751612220814000000,33041.8388830000000000,24596.3764490000000000
2021-07-21T00:00:00+00:00,215560.36019881236,0,149328.91969082732,286160.933420671,0,4001.0996620000000000,0,0,0,500560.2403429681,0,287588.09579102066,0,693719.032324914192,76986.210945099508,135349.947114892388,0.99879223523911164700,22094.6518460000000000,46722.4408930000000000
2021-07-20T00:00:00+00:00,4226.129611876609,1975921.0276679841,1230141.8728365675,553761.7967915422,0,0,1813.1261230000000000,0,0,1563817.3398362235,0,89.11506950024709,0,0,6610.2875492878090394,81070.863109707980,1585.9021851794381472,85567.9727100000000000,76896.5969900000000000
2021-07-19T00:00:00+00:00,0,515267.0736326596,637414.7765036944,646279.0920730175,0,3946.1993260000000000,38005.5480770000000000,0,0,448.65475337271846,0,534805.9715466194,369711.197185010860,892782.296325875653,3700.5472722645713160,1916859.795865339890,0,788878.9764680000000000,29217.454812000000
2021-07-18T00:00:00+00:00,10975.850474842078,199454.4961036553,0,0,0,16624.6855780000000000,0,0,0,549090.5223496009,18992.127953300416,651889.6269689678,0,0,0,266381.003345435550,0,0,0
2021-07-17T00:00:00+00:00,0,405963.39936438,0,255975.70239663596,8029.4049053707739634,9966.3298210000000000,3996.0021240000000000,0,0,7722.700691715031,0,355839.8210670718,10.4626022958476705,0,113397.7370194602573505,374745.9144279574101135,0,0,0
2021-07-16T00:00:00+00:00,105360.8754888525,219590.2526328999,902461.9659605356,250338.5622826679,0,19990.533344000000,101400.131945000000,0,0,1318709.951712114,1915.6882393621408,653472.5561656908,0,0,0,435559.584668756023,0,0,0
2021-07-15T00:00:00+00:00,0,4891.143461479501,105284.5289249813,208566.60927660263,0,99.9541060000000000,0,0,0,1447434.8044144353,7957.513180503245,35792.16566196313,107100.790074725051,0,0,1061225.193263863676,0,0,0
2021-07-14T00:00:00+00:00,9052.45377797152,128149.78461072,197315.893812768,270599.6185508998,344550.0168774953205156,12043.3052520000000000,212374.5644870000000000,0,0,1334901.6997809021,0,0,516961.673853693153,0,124262.512622453564,811393.236311160853,0,0,0
2021-07-13T00:00:00+00:00,0,383245.6384185786,0,524169.0515157212,184466.2325815612778341,64595.2208050000000000,4392.1863010000000000,0,0,1111379.4243484011,865036.2304286052,1202175.077684029,480139.125836307676,262577.792820642567,915365.220710373924,923004.742045989735,0,0,0
2021-07-12T00:00:00+00:00,0,702990.4109674599,0,0,128130.9403196108166844,168573.6755410000000000,0,0,0,1767579.467667265,38589.91837439,604740.5327594482,17373.720840759996,117969.365849945128,0,573127.773925876036,0,0,0
2021-07-11T00:00:00+00:00,37247.988515694706,136318.189477071,167753.730031667,0,34577.9926619607531071,56386.0477730000000000,61001.5776850000000000,0,0,0,263.2600101437254,628.3533862881529,99.7548284915656474,0,126891.4584841139484228,43929.5412025772620385,0,0,0
2021-07-10T00:00:00+00:00,0,173103.438859391,0,0,47633.4123769640293731,116224.0865820000000000,77985.3903280000000000,0,0,0,70142.49254785989,0,0.00564618033587746900,35399.902612610105,0,79007.652980480919,0,0,0
2021-07-09T00:00:00+00:00,11039.667159685227,528457.55818383,0,0,462.1969094398016394,3265.4948440000000000,8553.3758130000000000,0,0,0,0,0,0,17572.900518441812,17257.923152333157,46562.265463610649,0,0,0
2021-07-08T00:00:00+00:00,0,189597.4616509905,169603.81651998,478794.3916274829,35604.511663880370,5372.8172530000000000,6457.0456600000000000,0,0,0,0,0,93974.605498523744,0,0,39097.109824284674,0,0,0
2021-07-07T00:00:00+00:00,0,0,176843.87603546,0,0,29143.6435790000000000,23282.8928540000000000,0,0,1023172.2883131787,258894.05512803324,460.69339531874124,0,19775.104970721198,0,0,0,0,0
2021-07-06T00:00:00+00:00,692205.8184345365,358929.3036526503,1267445.509237832,214217.06487148535,36566.8067919960001470,9.0957290000000000,42814.5647090000000000,0,0,9195441.135434711,12626.78373684481,6642569.442466318,32087.850950589656,0,70420.384122634244,384138.850500643480,0,0,0
2021-07-05T00:00:00+00:00,5690.951988358851,6791.7466856609,197815.9353135498,0,104169.1842553980254989,0,0,0,0,0,0,126771.29754379818,21708.918821204399,21898.833922413310,43012.741196267515,0,0,0,0
2021-07-04T00:00:00+00:00,20793.594347451628,0,0,102725.56932839847,0,11907.7587200000000000,0,0,0,456573.4191518773,0,391279.1710762321,11118.587854913018,151903.723329544726,127348.9253423648089680,0,0,0,0
2021-07-03T00:00:00+00:00,0,189206.2203274404,283926.66236772656,214262.7655683913,1376.7256185821763949,691.2917780000000000,121605.6002110000000000,0,0,823379.580201218,0,1303337.1800228604,1011.9489000835024402,32669.8807889162567943,42062.1184194912258981,12.0893754273379053,0,0,0
2021-07-02T00:00:00+00:00,9951.589376458627,3152.8843808175,0,0,0,75008.221233000000,30136.8970320000000000,0,0,870601.5813010215,51.91238253536571,523192.82215870486,8831.1935410473152772,0,0,0,0,0,0
2021-07-01T00:00:00+00:00,35047.0366768134,288960.11100255593,350859.0020840712,347132.1796672892,0,0,27988.645699000000,0,0,996323.9235077099,672622.7031109271,954692.108995324,0,0,0,76762.321952428837,0,0,0
2021-06-30T00:00:00+00:00,225235.91110582207,303353.80773153243,0,177837.79786434886,101263.862293324179,0,0,0,0,8725.775952913382,1170.647146125542,379585.6650897972,12535.224096672977,0,0,203832.434801271264,0,0,0
2021-06-29T00:00:00+00:00,65061.26817771947,459464.92783687246,3353761.02105999,930940.9739422979,0,0,250551.7275380000000000,0,0,667058.5717838383,0,121740.0753865643,0,0,0,7944.8754345475574243,0,0,0
2021-06-28T00:00:00+00:00,0,164401.74908210704,0,168622.87259200675,0,72113.407363000000,0,0,0,99011.51995147359,0,329379.2375897092,0,0,0,0,0,0,0
2021-06-27T00:00:00+00:00,2794.4657530926306,0,770338.1269604048,0,101.8789316650726877,6.50309000000000000000,175623.2697910000000000,0,0,251509.48569056758,872.7926899064199,13086.644638860344,0,0,0,0,0,0,0
2021-06-26T00:00:00+00:00,0,0,317245.288472541,53045.921453100294,69959.813994211931,0,2999.1891410000000000,180711.55105516769,273845.7294374498,54590.946410437595,2674.5449844755817,92909.9489121532,0,0,0,0,0,0,0
2021-06-25T00:00:00+00:00,931454.5718077931,715757.9838184152,1982930.9223856998,406001.81162049633,23854.027294674386,49964.176477000000,122028.458318000000,105958.26611326743,209842.75182264115,0,0,590507.8372582409,0,0,0,0,0,0,0
2021-06-24T00:00:00+00:00,265902.2244860264,417543.29142902954,2338963.0227568764,1142590.7561127488,269.2049679093648833,47597.7581360000000000,122441.0766640000000000,103965.06359444551,433348.2992296094,22747.138848065526,9451.028828765631,44728.61562028745,0,0,0,0,0,0,0
2021-06-23T00:00:00+00:00,205655.9420245509,160849.2801356005,1956110.6405505305,1746362.6047528682,74899.389063881578,188538.6436670000000000,0,1356109.3169668985,1544802.6728025335,201791.99843079128,184419.7663920935,710357.6882143794,0,0,0,0,0,0,0
2021-06-22T00:00:00+00:00,6232.475289762986,945485.7690666696,532968.811622125,745324.3148865239,77288.0273221553259646,5712.0271710000000000,0,78928.05001085869,26174.00416462794,8788.238710912861,4856.2851224028445,2087444.1682799396,0,0,0,0,0,0,0
2021-06-21T00:00:00+00:00,0,0,268693.6269541848,241126.57453284023,86241.603410090097,68670.404893000000,0,123412.22006700725,161540.48996721377,87279.0739148204,110.4822948619033,335126.24285389157,0,0,0,0,0,0,0
2021-06-20T00:00:00+00:00,0,1327823.0299156727,220830.5434889985,530235.4218875017,50963.6543284311091302,35364.0391200000000000,305.1588040000000000,21815.917374711807,0,2013145.0845876792,1070.2468173128168,216431.48547508326,0,0,0,0,0,0,0
2021-06-19T00:00:00+00:00,0,3403606.756722409,0,0,16320.1740911222358174,50537.2740820000000000,666.7674220000000000,11138.857251363037,131.5870218487974,1388471.5592813916,760268.8103468649,188237.36753897712,0,0,0,0,0,0,0
2021-06-18T00:00:00+00:00,0,3458335.575092232,38127.7604458212,0,135887.855053068242,323119.5432790000000000,66977.280961000000,24136.671781817404,0,864182.6130171007,279591.37627990096,117.85352198512071,0,0,0,0,0,0,0
2021-06-17T00:00:00+00:00,128691.16815438916,19088.7684303069,0,9059.518490091576,0,0,500.7313380000000000,6817.897463806308,0,41967.293135968044,87071.47708397219,78328.10128110548,0,0,0,0,0,0,0
2021-06-16T00:00:00+00:00,0,697220.6091774061,0,0,0,21182.2571920000000000,0,7618.754544849912,15000.056246033622,5991777.945812203,2699534.507634946,4879253.974473625,0,0,0,0,0,0,0
2021-06-15T00:00:00+00:00,0,2340138.1692050197,243068.9070313566,0,287949.7841763954931507,123862.9374980000000000,10.0030220000000000,57220.14415696455,103199.29514708088,462466.22326464613,58137.483895432655,696886.8304719037,0,0,0,0,0,0,0
2021-06-14T00:00:00+00:00,5751.903608441584,2080141.1839420148,671265.812760708,0,7.9862383305018328,101.5593090000000000,0,0,11874.053351154886,0,0,0,0,0,0,0,0,0,0
2021-06-13T00:00:00+00:00,0,909151.3185289236,18985.9449727584,0,0,68275.4709700000000000,19.9875860000000000,49106.70824994599,18254.74998031648,0,0,0,0,0,0,0,0,0,0
2021-06-12T00:00:00+00:00,0,317993.07504825504,0,0,32201.7605918399255837,0,0,24107.058297406536,13880.127158603047,0,0,0,0,0,0,0,0,0,0
2021-06-11T00:00:00+00:00,108876.4756994346,1159111.7354649375,800857.4660409744,1165790.6289264974,0,1.00054500000000000000,0,305826.2463562689,29068.866235466772,0,0,0,0,0,0,0,0,0,0
2021-06-10T00:00:00+00:00,14393.217163209647,199519.5928279295,322672.922643897,0,0,0,15511.420221000000,42025.14603176291,10283.625671512487,0,0,0,0,0,0,0,0,0,0
2021-06-09T00:00:00+00:00,0,569109.862226166,128189.01215505038,0,2097.1178903935439497,60043.6143750000000000,34022.2114550000000000,161092.88681212952,52191.787106413736,0,0,0,0,0,0,0,0,0,0
2021-06-08T00:00:00+00:00,139357.9470801631,0,137582.9893102392,660197.4496133763,599.1143082390515816,0,0,19758.92836515664,14690.363662160558,0,0,0,0,0,0,0,0,0,0
2021-06-07T00:00:00+00:00,137391.93855299495,385710.14755950053,0,0,79634.9977483817562237,42869.677185000000,0,72017.24801752527,15967.05650188392,0,0,0,0,0,0,0,0,0,0
2021-06-06T00:00:00+00:00,0,0,244203.49838743947,0,49950.451365439116,0,74494.7015280000000000,31358.780138539347,101817.1040968565,0,0,0,0,0,0,0,0,0,0
2021-06-05T00:00:00+00:00,0,39692.729233525,0,0,98.8860348700869427,109983.6691080000000000,0,17051.76396149977,0,0,0,0,0,0,0,0,0,0,0
2021-06-04T00:00:00+00:00,528895.0145485027,321574.7188639232,428411.07024923473,0,322016.0071569748794193,1070.6093160000000000,10166.510605000000,25402.580008613728,70799.72692236661,0,0,0,0,0,0,0,0,0,0
2021-06-03T00:00:00+00:00,0,0,0,0,499.3230787503202944,139442.3404540000000000,400.2219510000000000,29624.81503264299,8642.700190225649,0,0,0,0,0,0,0,0,0,0
2021-06-02T00:00:00+00:00,0,31902.1400412225,0,0,0,81558.8151550000000000,0,241981.94399665605,44906.65104207372,0,0,0,0,0,0,0,0,0,0
2021-06-01T00:00:00+00:00,0,231061.53575332477,0,0,173821.1124147798866492,40726.9660680000000000,7.9949500000000000,79808.83526252137,45607.26052268017,0,0,0,0,0,0,0,0,0,0
2021-05-31T00:00:00+00:00,0,36940.1526529112,63177.046777766605,0,27048.9110231398710501,143690.3017410000000000,0,0,0,0,0,0,0,0,0,0,0,0,0
2021-05-30T00:00:00+00:00,0,621575.6899502847,0,220211.99259276735,0,496.5337400000000000,0,23232.66486724043,1122.3278737809403,0,0,0,0,0,0,0,0,0,0
2021-05-29T00:00:00+00:00,0,0,2504352.2013366017,0,3.1118774917536208,81743.713389000000,0,84353.84468015927,43667.419597149994,0,0,0,0,0,0,0,0,0,0
2021-05-28T00:00:00+00:00,0,0,184920.04710535723,109497.45253405548,124219.670631010234,147690.8701570000000000,0,18382.894002653782,30801.303655133277,0,0,0,0,0,0,0,0,0,0
2021-05-27T00:00:00+00:00,0,0,183189.4223955232,0,0,53610.518747000000,0,29290.88326097351,42751.55520823772,0,0,0,0,0,0,0,0,0,0
2021-05-26T00:00:00+00:00,9237.85386092938,122752.9090487264,2340739.15029392,839253.8633376177,0,147981.3121700000000000,34743.093655000000,95175.84946934982,106476.926474015,0,0,0,0,0,0,0,0,0,0
2021-05-25T00:00:00+00:00,174084.07144525312,556952.0007066643,1125397.1392016495,0,0,165.1903760000000000,131070.455602000000,40258.74236476128,3274.697098039949,0,0,0,0,0,0,0,0,0,0
2021-05-24T00:00:00+00:00,56302.63045361897,0,52790.374594338,0,15977.187608179324,163885.497690000000,0,193.1212992171131,0,0,0,0,0,0,0,0,0,0,0
2021-05-23T00:00:00+00:00,452880.3764318085,521672.1396335154,597388.3120022063,1083821.52647202,428090.849323707283,160211.904499000000,267314.348555000000,100905.06772085729,12592.957609192927,0,0,0,0,0,0,0,0,0,0
2021-05-22T00:00:00+00:00,600041.3285730238,640610.09394124,1008713.1387007199,0,304378.005741965598,147050.5504160000000000,0,58928.705520557196,13275.82647341612,0,0,0,0,0,0,0,0,0,0
2021-05-21T00:00:00+00:00,0,1595385.416858566,1757947.07828624,0,709371.449677668456,121913.850547000000,1040453.739894000000,176764.12614294922,90664.04844750905,0,0,0,0,0,0,0,0,0,0
2021-05-20T00:00:00+00:00,93151.06466420894,0,1194741.2218751262,978043.2071798994,427538.8317274581083794,136639.568019000000,555263.9345830000000000,79176.21747557826,13427.020515214339,0,0,0,0,0,0,0,0,0,0
2021-05-19T00:00:00+00:00,212314.61839499886,436661.4675783115,1681450.9992852036,0,1168508.911993957907,505543.289370000000,317485.900280000000,470822.24225054414,0,0,0,0,0,0,0,0,0,0,0
2021-05-18T00:00:00+00:00,126021.83153158956,43768.591572873,0,0,0,0,358664.364835000000,382249.63626865565,132962.14812719237,0,0,0,0,0,0,0,0,0,0
2021-05-17T00:00:00+00:00,0,0,1422972.353782,0,71430.3252134724868269,0,144761.434007000000,320565.0354812696,75446.3727829296,0,0,0,0,0,0,0,0,0,0
2021-05-16T00:00:00+00:00,0,2193472.5869476013,234855.85311285598,0,74352.5032313676250726,0,41329.4982640000000000,481711.10968021903,0,0,0,0,0,0,0,0,0,0,0
2021-05-15T00:00:00+00:00,0,619766.5939682048,398180.8365389504,0,1186741.783934721879,717506.4361380000000000,193565.267617000000,393973.2915300654,361491.3597278682,0,0,0,0,0,0,0,0,0,0
2021-05-14T00:00:00+00:00,525019.1002714778,692260.6964794871,1076632.8665431768,243162.27830146076,0,0,0,126925.00986373439,53797.70526933526,0,0,0,0,0,0,0,0,0,0
2021-05-13T00:00:00+00:00,0,24937.906964499,0,0,500754.610425612156,253527.7955790000000000,0,183461.25297560878,10039.399016248373,0,0,0,0,0,0,0,0,0,0
2021-05-12T00:00:00+00:00,0,950488.2751890285,67146.3253626484,553535.4529356646,0,249443.907727000000,0,123921.92652091414,174533.5618581404,0,0,0,0,0,0,0,0,0,0
2021-05-11T00:00:00+00:00,0,0,0,0,99991.947986094165,0,0,56974.28855842306,0,0,0,0,0,0,0,0,0,0,0
2021-05-10T00:00:00+00:00,0,0,2064969.2812522799,2331767.1227151914,0,200843.788778000000,249245.449290000000,310408.8212425726,0,0,0,0,0,0,0,0,0,0,0
2021-05-09T00:00:00+00:00,0,0,0,0,0,0,0,537173.3738833009,134701.53457077206,0,0,0,0,0,0,0,0,0,0
2021-05-08T00:00:00+00:00,22580.147955657496,0,1272892.3298562688,0,104834.550934330384,0,254676.921125000000,527494.6025901429,63172.97790532963,0,0,0,0,0,0,0,0,0,0
2021-05-07T00:00:00+00:00,277812.81272986264,1115535.434870472,138052.287846088,401770.8313064012,201140.457608508226,0,82278.261838000000,157765.9124474277,95759.81129615256,0,0,0,0,0,0,0,0,0,0
2021-05-06T00:00:00+00:00,192390.75035618537,1304745.3901416303,781053.9753516428,169569.16096022908,99925.100398161368,103230.066961000000,434953.0849210000000000,1158040.949517336,1155841.6374087464,0,0,0,0,0,0,0,0,0,0
2021-05-05T00:00:00+00:00,15961.57492689915,903012.0419662651,22703.3537309775,0,18678.187740789368,0,89754.485081000000,352337.2078066286,147404.55278460626,0,0,0,0,0,0,0,0,0,0
2021-05-04T00:00:00+00:00,230548.10731769292,0,191578.8554076972,733986.051578141,99.6028608238455965,0,156618.479349000000,357538.88641203224,108243.07882617465,0,0,0,0,0,0,0,0,0,0
2021-05-03T00:00:00+00:00,617272.8065488603,412518.4278959576,62255.3843516437,307719.90758696885,7592.9922681985365300,74862.539755000000,0,115029.66413721346,9414.14479113569,0,0,0,0,0,0,0,0,0,0
2021-05-02T00:00:00+00:00,1029702.8335152908,188954.2148107461,829430.7034794445,0,121399.984737995159,0,0,407101.60956649255,198498.48659893204,0,0,0,0,0,0,0,0,0,0
2021-05-01T00:00:00+00:00,286035.8674948933,0,67519.5777983441,365463.14884190226,33229.826360837663,0,128187.656142000000,269061.1297413196,205677.4395827836,0,0,0,0,0,0,0,0,0,0
2021-04-30T00:00:00+00:00,0,3010148.416345573,191137.7142441636,0,216952.153609175263,2437.0872970000000000,422304.118378000000,89045.99478436333,225114.12589669766,0,0,0,0,0,0,0,0,0,0
2021-04-29T00:00:00+00:00,13693.996755827864,1830574.5180509978,0,0,199881.618132157088,345885.587997000000,499.3640600000000000,527190.1138648366,219543.6625840567,0,0,0,0,0,0,0,0,0,0
2021-04-28T00:00:00+00:00,885400.1047790057,392593.5343892522,4546976.917937092,164197.53381736885,29989.402143988945,5402.9229900000000000,399.8344640000000000,201527.31922150703,180903.9672908851,0,0,0,0,0,0,0,0,0,0
2021-04-27T00:00:00+00:00,21386.30204911459,44186.6239858572,453353.4844151076,273791.8987618558,0,863665.638352000000,686345.4729480000000000,936767.0719609276,171540.95455951133,0,0,0,0,0,0,0,0,0,0
2021-04-26T00:00:00+00:00,0,12293.545037320899,1792852.2172606343,1639008.4815125593,39959.1063682289114817,1723431.9153930000000000,1897866.401655000000,284766.3835650946,49031.07536424459,0,0,0,0,0,0,0,0,0,0
2021-04-25T00:00:00+00:00,215645.08216220184,627183.3790446802,932935.7494092231,0,72589.7968661884392353,803.8199880000000000,33129.555933000000,251061.45083726457,162913.4016659048,0,0,0,0,0,0,0,0,0,0
2021-04-24T00:00:00+00:00,0,633141.8335997275,71393.096922877,0,196801.310602467244,967972.4829820000000000,1117401.2314420000000000,359110.9990622377,25031.420578704918,0,0,0,0,0,0,0,0,0,0
2021-04-23T00:00:00+00:00,92315.56323847444,0,0,0,186057.686947608467,102447.590165000000,0,163032.05634374626,25992.37367278855,0,0,0,0,0,0,0,0,0,0
2021-04-22T00:00:00+00:00,1151212.9913644146,0,811698.4299154435,160535.26730556155,298533.621054867515,42365.402811000000,79592.402994000000,34211.29852199072,173256.6952824786,0,0,0,0,0,0,0,0,0,0
2021-04-21T00:00:00+00:00,50255.88993078292,0,0,0,133014.365436875071,0,0,267223.7869791815,36642.01170702589,0,0,0,0,0,0,0,0,0,0
2021-04-20T00:00:00+00:00,22502.616324261424,0,0,169204.78813633436,136634.930766061913,0,219487.173961000000,126528.06047123854,117906.35740038942,0,0,0,0,0,0,0,0,0,0
2021-04-19T00:00:00+00:00,56561.787347302794,0,2113075.5692612524,0,0,265645.643632000000,588553.086735000000,120471.01285386545,79891.45681601387,0,0,0,0,0,0,0,0,0,0
2021-04-18T00:00:00+00:00,71454.72807990904,0,0,0,211628.493297070685,0,79955.371225000000,501475.1777706897,60154.30893333366,0,0,0,0,0,0,0,0,0,0
2021-04-17T00:00:00+00:00,309013.92685162585,469274.876237475,2856.1065547575,2827.891793745257,0,49.9783490000000000,61939.885923000000,572967.37944212,53262.704025988394,0,0,0,0,0,0,0,0,0,0
2021-04-16T00:00:00+00:00,0,190231.5245288318,0,188549.25232751333,0,0,323604.093909000000,330389.7758272818,107534.82521657502,0,0,0,0,0,0,0,0,0,0
2021-04-15T00:00:00+00:00,393467.12136465806,499756.0074043184,0,62480.83919660224,100208.9032828788879070,14242.3131330000000000,388310.4144440000000000,1774537.4469140905,606069.679624861,0,0,0,0,0,0,0,0,0,0
2021-04-14T00:00:00+00:00,43630.98646357188,1249000.363558525,0,0,525786.557735498864,0,169090.297427000000,0,0,0,0,0,0,0,0,0,0,0,0
2021-04-13T00:00:00+00:00,0,0,0,297190.3371104735,74.8025387913038452,34337.4108480000000000,59.8806590000000000,0,0,0,0,0,0,0,0,0,0,0,0
2021-04-12T00:00:00+00:00,2179076.3451171564,3900207.5557186706,5090183.661606516,477304.49307908677,0,0,0,0,0,0,0,0,0,0,0,0,0,0,0
2021-04-11T00:00:00+00:00,0,0,0,0,519.3942414114614627,212.9485390000000000,239323.9504530000000000,0,0,0,0,0,0,0,0,0,0,0,0
2021-04-10T00:00:00+00:00,0,0,0,288075.66560845095,0,358732.1079150000000000,35027.7876570000000000,0,0,0,0,0,0,0,0,0,0,0,0
2021-04-09T00:00:00+00:00,0,0,58232.2327154456,0,0,281734.625278000000,0,0,0,0,0,0,0,0,0,0,0,0,0
2021-04-08T00:00:00+00:00,333380.38757564273,56228.321477652404,3079963.219544395,0,0,0,7568.6846670000000000,0,0,0,0,0,0,0,0,0,0,0,0
2021-04-07T00:00:00+00:00,0,0,599286.326504718,474433.4936169334,0,493894.6469680000000000,18186.0399350000000000,0,0,0,0,0,0,0,0,0,0,0,0
2021-04-06T00:00:00+00:00,0,0,0,600020.9774424604,0,0,0,0,0,0,0,0,0,0,0,0,0,0,0
2021-04-05T00:00:00+00:00,1039571.3959146158,0,99433.4313036614,0,5961.5755137805091678,0,5404.9276650000000000,0,0,0,0,0,0,0,0,0,0,0,0
2021-04-04T00:00:00+00:00,0,0,0,0,12940.515523173376,0,0,0,0,0,0,0,0,0,0,0,0,0,0
2021-04-03T00:00:00+00:00,0,0,0,468007.2142229536,0,512251.068085000000,749.8136770000000000,0,0,0,0,0,0,0,0,0,0,0,0
2021-04-02T00:00:00+00:00,70953.90979820873,0,0,93223.39575984329,0,598356.076794000000,0,0,0,0,0,0,0,0,0,0,0,0,0
2021-04-01T00:00:00+00:00,0,0,397439.87201963103,0,0,375143.433400000000,0,0,0,0,0,0,0,0,0,0,0,0,0
2021-03-31T00:00:00+00:00,26093.441061374666,0,0,0,0,0,0,0,0,0,0,0,0,0,0,0,0,0,0
2021-03-30T00:00:00+00:00,51832.59947304708,15101.1195199865,1731120.180304361,0,0,50265.714393000000,340875.097540000000,0,0,0,0,0,0,0,0,0,0,0,0
2021-03-29T00:00:00+00:00,61422.314079420205,0,810355.906114884,0,178594.3919549217186280,285817.2370710000000000,32251.2259360000000000,0,0,0,0,0,0,0,0,0,0,0,0
2021-03-28T00:00:00+00:00,0,278622.4338591232,279593.446206676,0,0,23359.9934850000000000,4162.8088230000000000,0,0,0,0,0,0,0,0,0,0,0,0
2021-03-27T00:00:00+00:00,15729.924796391255,274295.6180019051,0,0,0,10109.8137760000000000,0,0,0,0,0,0,0,0,0,0,0,0,0
2021-03-26T00:00:00+00:00,7361.339074678255,0,0,1275179.929272792,17607.5747569498078636,30198.9134620000000000,10176.7146670000000000,0,0,0,0,0,0,0,0,0,0,0,0
2021-03-25T00:00:00+00:00,0,0,682564.5147193236,1458946.8198140247,533049.9960455534096902,282154.2069100000000000,4999.9173550000000000,0,0,0,0,0,0,0,0,0,0,0,0
2021-03-24T00:00:00+00:00,22554.620663478905,0,0,271558.295953051,0,40145.2916280000000000,0,0,0,0,0,0,0,0,0,0,0,0,0
2021-03-23T00:00:00+00:00,0,813035.5361590263,0,0,0,329246.163219000000,11282.6128230000000000,0,0,0,0,0,0,0,0,0,0,0,0
2021-03-22T00:00:00+00:00,0,2007484.022990544,1320604.6847952,0,0,47.0421530000000000,0,0,0,0,0,0,0,0,0,0,0,0,0
2021-03-21T00:00:00+00:00,288330.73635352147,206508.4928722504,0,0,0,20159.3003240000000000,60474.848764000000,0,0,0,0,0,0,0,0,0,0,0,0
2021-03-20T00:00:00+00:00,288118.13121640775,0,0,0,0,9567.5599830000000000,0,0,0,0,0,0,0,0,0,0,0,0,0
2021-03-19T00:00:00+00:00,13692.172646706014,1210673.5682306367,0,0,9.9631170023981162,0,0,0,0,0,0,0,0,0,0,0,0,0,0
2021-03-18T00:00:00+00:00,0,1340760.388456163,0,0,0,0,0,0,0,0,0,0,0,0,0,0,0,0,0
2021-03-15T00:00:00+00:00,16701.16514845408,0,0,0,0,0,0,0,0,0,0,0,0,0,0,0,0,0,0
2021-03-14T00:00:00+00:00,46262.53907907129,0,0,0,0,0,0,0,0,0,0,0,0,0,0,0,0,0,0
2021-03-13T00:00:00+00:00,13690.915331019545,0,80353.6797032424,0,0,0,0,0,0,0,0,0,0,0,0,0,0,0,0
2021-03-12T00:00:00+00:00,93279.99865334365,4243.7335882394,2600001.7248380324,110940.21368960477,0,0,0,0,0,0,0,0,0,0,0,0,0,0,0
2021-03-11T00:00:00+00:00,98067.62330427163,0,142002.81797251318,277742.47551008384,0,0,0,0,0,0,0,0,0,0,0,0,0,0,0
2021-03-10T00:00:00+00:00,2017.4798544889713,2236124.5603432185,0,0,0,0,0,0,0,0,0,0,0,0,0,0,0,0,0
2021-03-09T00:00:00+00:00,41328.81784579126,959463.0772923462,3174713.3350837342,0,0,0,0,0,0,0,0,0,0,0,0,0,0,0,0
2021-03-08T00:00:00+00:00,82367.77663015942,0,532510.1626232076,0,0,0,0,0,0,0,0,0,0,0,0,0,0,0,0
2021-03-07T00:00:00+00:00,0,4722471.001052737,2593182.2851206185,0,0,0,0,0,0,0,0,0,0,0,0,0,0,0,0
2021-03-06T00:00:00+00:00,171561.26032134495,432677.5403568226,0,387974.3395736543,0,0,0,0,0,0,0,0,0,0,0,0,0,0,0
2021-03-05T00:00:00+00:00,49797.65556368245,357685.2765090984,14181.0659396769,12048.633682861304,0,0,0,0,0,0,0,0,0,0,0,0,0,0,0
2021-03-04T00:00:00+00:00,77205.64609019754,1507.2006140426001,505883.53409954626,150164.78226379064,0,0,0,0,0,0,0,0,0,0,0,0,0,0,0
2021-03-03T00:00:00+00:00,10040.784881232259,844774.203186126,1451.41413092,758830.5302508015,0,0,0,0,0,0,0,0,0,0,0,0,0,0,0
2021-03-02T00:00:00+00:00,0,911389.728435802,49536.471801668,246489.41130546882,0,0,0,0,0,0,0,0,0,0,0,0,0,0,0
2021-03-01T00:00:00+00:00,74784.95507733739,102371.3224134228,13553.6314551003,0,0,0,0,0,0,0,0,0,0,0,0,0,0,0,0
2021-02-28T00:00:00+00:00,47717.6982380637,2433758.1753977686,563900.6070316709,0,0,0,0,0,0,0,0,0,0,0,0,0,0,0,0
2021-02-27T00:00:00+00:00,439142.4028546718,1485448.871070379,1023179.6079176133,1376.6782590606508,0,0,0,0,0,0,0,0,0,0,0,0,0,0,0
2021-02-26T00:00:00+00:00,313253.4137792677,2859329.549383913,10660.599312412201,0,0,0,0,0,0,0,0,0,0,0,0,0,0,0,0
2021-02-25T00:00:00+00:00,239672.60665991274,1986351.4092583223,249796.129479372,493895.51606101135,0,0,0,0,0,0,0,0,0,0,0,0,0,0,0
2021-02-24T00:00:00+00:00,0,1353242.7241474283,378701.6008051068,2487274.7138401726,0,0,0,0,0,0,0,0,0,0,0,0,0,0,0
2021-02-23T00:00:00+00:00,459257.0074568698,469425.12739688274,0,344733.98789742775,0,0,0,0,0,0,0,0,0,0,0,0,0,0,0
2021-02-21T00:00:00+00:00,36538.619126351936,5603.3592847845,9820.5473287355,0,0,0,0,0,0,0,0,0,0,0,0,0,0,0,0
2021-02-20T00:00:00+00:00,55937.063284726486,0,0,0,0,0,0,0,0,0,0,0,0,0,0,0,0,0,0
2021-02-19T00:00:00+00:00,0,435554.87701684283,0,0,0,0,0,0,0,0,0,0,0,0,0,0,0,0,0
2021-02-18T00:00:00+00:00,83800.35965456862,19087.7902142665,1457.6646574738,0,0,0,0,0,0,0,0,0,0,0,0,0,0,0,0
2021-02-17T00:00:00+00:00,0,11619.4788196788,835.313342759,0,0,0,0,0,0,0,0,0,0,0,0,0,0,0,0
2021-02-16T00:00:00+00:00,0,30202.659445331996,13102.213169314498,0,0,0,0,0,0,0,0,0,0,0,0,0,0,0,0
2021-02-15T00:00:00+00:00,15071.693068590055,334434.2703368976,0,0,0,0,0,0,0,0,0,0,0,0,0,0,0,0,0
2021-02-14T00:00:00+00:00,0,275288.9998779312,23449.8295658019,0,0,0,0,0,0,0,0,0,0,0,0,0,0,0,0
2021-02-12T00:00:00+00:00,239508.40619820484,185729.6908788316,0,0,0,0,0,0,0,0,0,0,0,0,0,0,0,0,0
2021-02-11T00:00:00+00:00,88509.19652111776,158141.1657199452,0,1156.4549056466637,0,0,0,0,0,0,0,0,0,0,0,0,0,0,0
2021-02-10T00:00:00+00:00,122032.57866140235,0,0,0,0,0,0,0,0,0,0,0,0,0,0,0,0,0,0
2021-02-09T00:00:00+00:00,108899.98778895168,103407.14531222299,15966.7199981754,0,0,0,0,0,0,0,0,0,0,0,0,0,0,0,0
2021-02-08T00:00:00+00:00,86898.92584192696,118248.72803882319,0,0,0,0,0,0,0,0,0,0,0,0,0,0,0,0,0
2021-02-07T00:00:00+00:00,44026.72784377284,16220.443394033899,0,0,0,0,0,0,0,0,0,0,0,0,0,0,0,0,0
2021-02-06T00:00:00+00:00,12234.735914606912,156449.4052672656,0,0,0,0,0,0,0,0,0,0,0,0,0,0,0,0,0
2021-02-05T00:00:00+00:00,336302.1291912671,48289.58852255999,157415.8939176593,36879.1528528277,0,0,0,0,0,0,0,0,0,0,0,0,0,0,0
2021-02-04T00:00:00+00:00,16919.877717342228,16198.6723934367,0,0,0,0,0,0,0,0,0,0,0,0,0,0,0,0,0
2021-02-03T00:00:00+00:00,37714.547199336004,0,0,0,0,0,0,0,0,0,0,0,0,0,0,0,0,0,0
2021-02-02T00:00:00+00:00,51439.20635786951,30348.955811788597,0,0,0,0,0,0,0,0,0,0,0,0,0,0,0,0,0
2021-02-01T00:00:00+00:00,26409.506938669252,319347.0726096924,0,0,0,0,0,0,0,0,0,0,0,0,0,0,0,0,0
2021-01-31T00:00:00+00:00,10169.221396610425,36412.5449979264,0,0,0,0,0,0,0,0,0,0,0,0,0,0,0,0,0
2021-01-30T00:00:00+00:00,88887.00219232918,151376.28940036788,0,0,0,0,0,0,0,0,0,0,0,0,0,0,0,0,0
2021-01-29T00:00:00+00:00,55739.14817002274,199194.06355535702,22791.34183524,0,0,0,0,0,0,0,0,0,0,0,0,0,0,0,0
2021-01-28T00:00:00+00:00,113998.2491139805,215411.21588337782,119307.252882444,101514.19189133553,0,0,0,0,0,0,0,0,0,0,0,0,0,0,0
2021-01-27T00:00:00+00:00,36982.526749277895,26366.1036928947,84551.2611145755,0,0,0,0,0,0,0,0,0,0,0,0,0,0,0,0
2021-01-26T00:00:00+00:00,9067.009883341161,23710.9299767967,17845.6036761285,56150.97631846979,0,0,0,0,0,0,0,0,0,0,0,0,0,0,0
2021-01-25T00:00:00+00:00,70100.69113301153,125344.78667586141,103299.35390364891,102201.04631827718,0,0,0,0,0,0,0,0,0,0,0,0,0,0,0
2021-01-24T00:00:00+00:00,127006.6280106902,21413.485881015004,0,35.03034129478744,0,0,0,0,0,0,0,0,0,0,0,0,0,0,0
2021-01-23T00:00:00+00:00,84790.19189182017,34120.623369435205,13205.2400870624,0,0,0,0,0,0,0,0,0,0,0,0,0,0,0,0
2021-01-22T00:00:00+00:00,40546.025055804595,380.3502599273,10720.5535195097,0,0,0,0,0,0,0,0,0,0,0,0,0,0,0,0
2021-01-21T00:00:00+00:00,604046.4349325532,27549.273117522003,726731.6560843196,35629.407037567194,0,0,0,0,0,0,0,0,0,0,0,0,0,0,0
2021-01-20T00:00:00+00:00,167917.4734438414,50258.64104556301,172632.13014118923,97802.65911039978,0,0,0,0,0,0,0,0,0,0,0,0,0,0,0
2021-01-19T00:00:00+00:00,199617.7286227717,1661958.897413606,86681.8341140399,369132.85475009703,0,0,0,0,0,0,0,0,0,0,0,0,0,0,0
